{
  "pickets" : [ {
    "name" : "CHITA",
    "experimentalData" : {
      "ab_2" : [ 3.0, 4.5, 9.0, 15.0, 15.0, 25.0, 25.0, 40.0, 65.0, 65.0, 100.0, 100.0, 150.0, 230.0, 230.0, 330.0, 330.0, 500.0, 750.0, 1000.0, 1500.0 ],
      "mn_2" : [ 1.0, 1.0, 1.0, 1.0, 5.0, 1.0, 5.0, 5.0, 5.0, 20.0, 5.0, 20.0, 20.0, 20.0, 75.0, 20.0, 75.0, 75.0, 75.0, 75.0, 75.0 ],
      "amperage" : [ 0.0, 0.0, 0.0, 0.0, 0.0, 0.0, 0.0, 0.0, 0.0, 0.0, 0.0, 0.0, 0.0, 0.0, 0.0, 0.0, 0.0, 0.0, 0.0, 0.0, 0.0 ],
      "voltage" : [ 0.0, 0.0, 0.0, 0.0, 0.0, 0.0, 0.0, 0.0, 0.0, 0.0, 0.0, 0.0, 0.0, 0.0, 0.0, 0.0, 0.0, 0.0, 0.0, 0.0, 0.0 ],
      "resistanceApparent" : [ 160.0, 210.0, 350.0, 490.0, 490.0, 650.0, 650.0, 723.84, 740.0, 750.0, 660.0, 650.0, 530.0, 420.0, 420.0, 390.0, 390.0, 410.0, 500.0, 600.0, 760.0 ],
      "errorResistanceApparent" : [ 5.0, 5.0, 5.0, 5.0, 5.0, 5.0, 5.0, 5.0, 5.0, 5.0, 5.0, 5.0, 5.0, 5.0, 5.0, 5.0, 5.0, 5.0, 5.0, 5.0, 5.0 ],
      "polarizationApparent" : [ 0.84681, 0.7725, 0.67, 0.60112, 0.602, 0.582, 0.58, 0.59471, 0.71275, 0.71, 1.0, 1.0, 1.7, 2.8, 2.8, 3.3, 3.3, 3.3, 3.2, 2.9, 2.5 ],
      "errorPolarizationApparent" : [ 5.0, 5.0, 5.0, 5.0, 5.0, 5.0, 5.0, 5.0, 5.0, 5.0, 5.0, 5.0, 5.0, 5.0, 5.0, 5.0, 5.0, 5.0, 5.0, 5.0, 5.0 ]
    },
    "modelData" : {
      "resistance" : [ 18.59102950616542, 964.7425966671934, 327.1192778922216, 1663.7140005262738 ],
      "polarization" : [ 0.9, 0.2, 5.0, 0.75 ],
      "power" : [ 0.3253262062918401, 61.77150282638074, 276.80194753871626, 0.0 ]
    }
  }, {
    "name" : "KAZAN",
    "experimentalData" : {
      "ab_2" : [ 1.0, 1.5, 2.2, 3.2, 4.6, 6.8, 10.0, 14.7, 21.5, 31.6, 46.4, 68.1, 100.0, 146.8, 215.0, 316.0, 464.0, 681.0, 1000.0 ],
      "mn_2" : [ 1.0, 1.0, 1.0, 1.0, 1.0, 1.0, 1.0, 1.0, 1.0, 1.0, 1.0, 1.0, 1.0, 1.0, 1.0, 1.0, 1.0, 1.0, 1.0 ],
      "amperage" : [ 0.0, 0.0, 0.0, 0.0, 0.0, 0.0, 0.0, 0.0, 0.0, 0.0, 0.0, 0.0, 0.0, 0.0, 0.0, 0.0, 0.0, 0.0, 0.0 ],
      "voltage" : [ 0.0, 0.0, 0.0, 0.0, 0.0, 0.0, 0.0, 0.0, 0.0, 0.0, 0.0, 0.0, 0.0, 0.0, 0.0, 0.0, 0.0, 0.0, 0.0 ],
      "resistanceApparent" : [ 79.8, 79.8, 79.8, 79.8, 79.8, 79.8, 79.8, 79.7, 79.2, 77.8, 74.2, 66.1, 53.8, 42.8, 39.4, 44.9, 56.2, 73.2, 99.2 ],
      "errorResistanceApparent" : [ 3.0, 3.0, 3.0, 3.0, 3.0, 3.0, 3.0, 3.0, 3.0, 3.0, 3.0, 3.0, 3.0, 3.0, 3.0, 3.0, 3.0, 3.0, 3.0 ],
      "polarizationApparent" : [ 0.0, 0.0, 0.0, 0.0, 0.0, 0.0, 0.0, 0.0, 0.0, 0.0, 0.0, 0.0, 0.0, 0.0, 0.0, 0.0, 0.0, 0.0, 0.0 ],
      "errorPolarizationApparent" : [ 0.0, 0.0, 0.0, 0.0, 0.0, 0.0, 0.0, 0.0, 0.0, 0.0, 0.0, 0.0, 0.0, 0.0, 0.0, 0.0, 0.0, 0.0, 0.0 ]
    },
    "modelData" : {
      "resistance" : [ 79.82532603184787, 122.61445346236034, 297.5523707614522, 381.2852456636187, 200.0, 300.0 ],
      "polarization" : [ 0.0, null, null, 0.0, 0.0, 0.0 ],
      "power" : [ 55.59819708844818, 191.53650241900226, 0.0, 65.00324077864144, 134.99675922135856, 100.0 ]
    }
  }, {
    "name" : "SHIRA",
    "experimentalData" : {
      "ab_2" : [ 1.5, 3.0, 5.0, 9.0, 15.0, 25.0, 40.0, 65.0, 100.0, 150.0, 220.0, 340.0, 480.0 ],
      "mn_2" : [ 1.0, 1.0, 1.0, 1.0, 1.0, 1.0, 1.0, 1.0, 1.0, 1.0, 1.0, 1.0, 2.0 ],
      "amperage" : [ 0.0, 0.0, 0.0, 0.0, 0.0, 0.0, 0.0, 0.0, 0.0, 0.0, 0.0, 0.0, 0.0 ],
      "voltage" : [ 0.0, 0.0, 0.0, 0.0, 0.0, 0.0, 0.0, 0.0, 0.0, 0.0, 0.0, 0.0, 0.0 ],
      "resistanceApparent" : [ 95.33, 54.75, 41.3, 39.82, 45.68, 60.91, 85.32, 122.25, 164.35, 209.71, 254.3, 301.77, 333.38 ],
      "errorResistanceApparent" : [ 5.0, 5.0, 5.0, 5.0, 5.0, 5.0, 5.0, 5.0, 5.0, 5.0, 5.0, 5.0, 5.0 ],
      "polarizationApparent" : [ null, null, null, null, null, null, null, null, null, null, null, null, null ],
      "errorPolarizationApparent" : [ null, null, null, null, null, null, null, null, null, null, null, null, null ]
    },
    "modelData" : {
      "resistance" : [ 157.89446818871997, 40.388790507466, 414.1632808786471, 90.85175756516867 ],
      "polarization" : [ 0.0, 0.0, 0.0, 0.0 ],
      "power" : [ 0.7281197574334165, 16.663061853780185, 141.29428495107678, 0.0 ]
    }
  } ]
}