{
  "pickets" : [ {
    "name" : "BURM4",
    "experimentalData" : {
      "ab_2" : [ 1.5, 2.0, 3.0, 4.0, 5.0, 7.0, 9.0, 12.0, 15.0, 15.0, 20.0, 20.0, 25.0, 32.0, 40.0, 50.0, 65.0, 65.0, 80.0, 80.0, 100.0, 123.0, 150.0, 180.0, 180.0, 220.0, 220.0, 275.0, 340.0, 410.0, 480.0 ],
      "mn_2" : [ 0.5, 0.5, 0.5, 0.5, 0.5, 0.5, 0.5, 0.5, 0.5, 3.0, 0.5, 3.0, 3.0, 3.0, 3.0, 3.0, 3.0, 12.0, 3.0, 12.0, 12.0, 12.0, 12.0, 12.0, 29.0, 12.0, 29.0, 29.0, 29.0, 29.0, 29.0 ],
      "amperage" : [ 100.0, 100.0, 100.0, 100.0, 100.0, 100.0, 100.0, 100.0, 100.0, 100.0, 100.0, 100.0, 100.0, 100.0, 100.0, 100.0, 100.0, 100.0, 100.0, 100.0, 100.0, 100.0, 100.0, 100.0, 100.0, 100.0, 100.0, 100.0 ],
      "voltage" : [ 1264.0, 620.0, 281.24, 158.0, 101.12, 48.0, 25.59, 12.96, 7.3, 41.0, 4.8, 29.7, 18.01, 9.1, 6.9, 4.4, 3.04, 13.27, 2.34, 10.428, 8.0, 6.0, 4.7, 4.6, 12.32, 3.002, 7.8, 6.0 ],
      "resistanceApparent" : [ 79.419, 73.042, 77.31, 78.178, 78.625, 73.513, 64.918, 58.528, 51.543, 51.806, 60.281, 66.24, 63.525, 53.799, 62.916, 62.825, 72.544, 70.889, 83.74, 85.396, 103.21, 117.69, 137.54, 194.23, 210.6, 189.63, 200.93, 243.04 ],
      "errorResistanceApparent" : [ 5.0, 5.0, 5.0, 5.0, 5.0, 5.0, 5.0, 5.0, 5.0, 20.0, 5.0, 20.8, 20.0, 20.0, 20.0, 5.0, 5.0, 5.0, 5.0, 5.0, 5.0, 5.0, 5.0, 99.9, 99.9, 5.0, 5.0, 5.0 ],
      "polarizationApparent" : [ 0.0, 0.0, 0.0, 0.0, 0.0, 0.0, 0.0, 0.0, 0.0, 0.0, 0.0, 0.0, 0.0, 0.0, 0.0, 0.0, 0.0, 0.0, 0.0, 0.0, 0.0, 0.0, 0.0, 0.0, 0.0, 0.0, 0.0, 0.0 ],
      "errorPolarizationApparent" : [ 0.01, 0.01, 0.01, 0.01, 0.01, 0.01, 0.01, 0.01, 0.01, 0.01, 0.01, 0.01, 0.01, 0.01, 0.01, 0.01, 0.01, 0.01, 0.01, 0.01, 0.01, 0.01, 0.01, 0.01, 0.01, 0.01, 0.01, 0.01 ]
    },
    "modelData" : {
      "resistance" : [ 104.92916778383514, 50.0, 246.06239283625885, 35.0, 102.4, 259.97134173681917 ],
      "polarization" : [ null, null, null, null, null, null ],
      "power" : [ 50.0, 50.0, 50.0, 50.0, 50.0, 50.0 ]
    }
  }, {
    "name" : "KAZAN",
    "experimentalData" : {
      "ab_2" : [ 1.0, 1.5, 2.2, 3.2, 4.6, 6.8, 10.0, 14.7, 21.5, 31.6, 46.4, 68.1, 100.0, 146.8, 215.0, 316.0, 464.0, 681.0, 1000.0 ],
      "mn_2" : [ 1.0, 1.0, 1.0, 1.0, 1.0, 1.0, 1.0, 1.0, 1.0, 1.0, 1.0, 1.0, 1.0, 1.0, 1.0, 1.0, 1.0, 1.0, 1.0 ],
      "amperage" : [ 0.0, 0.0, 0.0, 0.0, 0.0, 0.0, 0.0, 0.0, 0.0, 0.0, 0.0, 0.0, 0.0, 0.0, 0.0, 0.0, 0.0, 0.0, 0.0 ],
      "voltage" : [ 0.0, 0.0, 0.0, 0.0, 0.0, 0.0, 0.0, 0.0, 0.0, 0.0, 0.0, 0.0, 0.0, 0.0, 0.0, 0.0, 0.0, 0.0, 0.0 ],
      "resistanceApparent" : [ 79.8, 79.8, 79.8, 79.8, 79.8, 79.8, 79.8, 79.7, 79.2, 77.8, 74.2, 66.1, 53.8, 42.8, 39.4, 44.9, 56.2, 73.2, 99.2 ],
      "errorResistanceApparent" : [ 3.0, 3.0, 3.0, 3.0, 3.0, 3.0, 3.0, 3.0, 3.0, 3.0, 3.0, 3.0, 3.0, 3.0, 3.0, 3.0, 3.0, 3.0, 3.0 ],
      "polarizationApparent" : [ 0.0, 0.0, 0.0, 0.0, 0.0, 0.0, 0.0, 0.0, 0.0, 0.0, 0.0, 0.0, 0.0, 0.0, 0.0, 0.0, 0.0, 0.0, 0.0 ],
      "errorPolarizationApparent" : [ 0.0, 0.0, 0.0, 0.0, 0.0, 0.0, 0.0, 0.0, 0.0, 0.0, 0.0, 0.0, 0.0, 0.0, 0.0, 0.0, 0.0, 0.0, 0.0 ]
    },
    "modelData" : {
      "resistance" : [ 79.82569235355511, 26.397400945007263, 266.87166510474765 ],
      "polarization" : [ 0.0, null, null ],
      "power" : [ 49.8873373759538, 171.0930434779445, 0.0 ]
    }
  }, {
    "name" : "SHIRA",
    "experimentalData" : {
      "ab_2" : [ 1.5, 3.0, 5.0, 9.0, 15.0, 25.0, 40.0, 65.0, 100.0, 150.0, 220.0, 340.0, 480.0 ],
      "mn_2" : [ 1.0, 1.0, 1.0, 1.0, 1.0, 1.0, 1.0, 1.0, 1.0, 1.0, 1.0, 1.0, 2.0 ],
      "amperage" : [ 0.0, 0.0, 0.0, 0.0, 0.0, 0.0, 0.0, 0.0, 0.0, 0.0, 0.0, 0.0, 0.0 ],
      "voltage" : [ 0.0, 0.0, 0.0, 0.0, 0.0, 0.0, 0.0, 0.0, 0.0, 0.0, 0.0, 0.0, 0.0 ],
      "resistanceApparent" : [ 95.33, 54.75, 41.3, 39.82, 45.68, 60.91, 85.32, 122.25, 164.35, 209.71, 254.3, 301.77, 333.38 ],
      "errorResistanceApparent" : [ 5.0, 5.0, 5.0, 5.0, 5.0, 5.0, 5.0, 5.0, 5.0, 5.0, 5.0, 5.0, 5.0 ],
      "polarizationApparent" : [ null, null, null, null, null, null, null, null, null, null, null, null, null ],
      "errorPolarizationApparent" : [ null, null, null, null, null, null, null, null, null, null, null, null, null ]
    },
    "modelData" : {
      "resistance" : [ 44.14889868454349, 436.24485686718094, 307.08024845407056, 1015.2592163303766, 2705.7089379902327, 41.10349724806494, 340.1787925118455, 202.4155204865693, 80.45693914486272 ],
      "polarization" : [ null, null, null, null, null, null, null, null, null ],
      "power" : [ 18.336069995394503, 62.20460263359768, 125.3095382820896, 41.1938411253876, 40.185430571484446, 14.38997837442434, 63.67228635911127, 31.288056373384226, 0.0 ]
    }
  } ]
}